类别,标准编号,标准名称
装备技术,TB/T1407.2-2024,列车牵引计算 第2部分：动车组
装备技术,TB/T1451-2022,机车、动车组前窗玻璃
装备技术,TB/T1528.4-2018,铁路信号电源系统设备 第4部分：高速铁路信号电源屏
装备技术,TB/T1718.3-2018,机车车辆轮对组装 第3部分：动车组
装备技术,TB/T1720-2017,铁道客车及动车组给水装置
装备技术,TB/T2433-2019,铁路客车及动车组空调装置运用试验方法
装备技术,TB/T2704-2016,铁道客车及动车组电取暖器
装备技术,TB/T2710.1-2015,机车、动车组用空气压缩机组技术条件 第1部分：活塞空气压缩机组
装备技术,TB/T2710.2-2015,机车、动车组用空气压缩机组技术条件 第2部分：螺杆空气压缩机组
装备技术,TB/T2711-2015,机车、动车组用空气压缩机组试验方法
装备技术,TB/T2760.1-2015,机车、动车组转速传感器 第1部分：光电转速传感器
装备技术,TB/T2917.1-2019,铁路客车及动车组照明 第1部分：通用要求
装备技术,TB/T2917.2-2019,铁路客车及动车组照明 第2部分：车厢用灯
装备技术,TB/T2949-2015,铁道客车及动车组用高度调整装置
装备技术,TB/T3051.2-2016,机车、动车组用电笛、风笛 第2部分：风笛
装备技术,TB/T3237-2010,动车组用内装材料阻燃技术条件
装备技术,TB/T3250-2010,动车组密封设计及试验规范
装备技术,TB/T3259-2011,动车组用铝及铝合金焊接技术条件
装备技术,TB/T3260.1-2011,动车组用铝及铝合金 第1部分：基本要求
装备技术,TB/T3260.2-2011,动车组用铝及铝合金 第2部分：板材和带材
装备技术,TB/T3260.3-2011,动车组用铝及铝合金 第3部分：棒材和管材
装备技术,TB/T3260.4-2011,动车组用铝及铝合金 第4部分：型材
装备技术,TB/T3263.1-2023,动车组座椅 第1部分：一等座椅和二等座椅
装备技术,TB/T3284-2019,动车组牵引拉杆
装备技术,TB/T3285-2019,动车组抗侧滚扭杆
装备技术,TB/T3297-2013,高速铁路岔区轨枕埋入式无砟轨道混凝土岔枕
装备技术,TB/T3301-2013,高速铁路道岔技术条件
装备技术,TB/T3307.1-2020,高速铁路道岔制造技术条件 第1部分：制造与组装
装备技术,TB/T3307.2-2014,高速铁路道岔制造技术条件 第2部分：T型螺栓
装备技术,TB/T3307.3-2014,高速铁路道岔制造技术条件 第3部分：垫板螺栓
装备技术,TB/T3307.4-2014,高速铁路道岔制造技术条件 第4部分：轨距块
装备技术,TB/T3307.5-2014,高速铁路道岔制造技术条件 第5部分：盖板
装备技术,TB/T3307.6-2014,高速铁路道岔制造技术条件 第6部分：缓冲调距块
装备技术,TB/T3307.7-2014,高速铁路道岔制造技术条件 第7部分：预埋塑料套管
装备技术,TB/T3307.8-2014,高速铁路道岔制造技术条件 第8部分：弹性铁垫板
装备技术,TB/T3307.9-2014,高速铁路道岔制造技术条件 第9部分：调高垫板
装备技术,TB/T3316-2020,机车车辆转向架 动车组转向架
装备技术,TB/T3317-2013,动车组换气装置
装备技术,TB/T3337-2013,铁道客车及动车组整体卫生间
装备技术,TB/T3338.2-2023,铁路客车及动车组卫生间 第2部分：集便装置
装备技术,TB/T3349-2014,电动车组牵引变压器
装备技术,TB/T3350.1-2014,动车组用不锈钢 第1部分：钢板及钢带
装备技术,TB/T3350.2-2014,动车组用不锈钢 第2部分：管材
装备技术,TB/T3350.3-2014,动车组用不锈钢 第3部分：棒材
装备技术,TB/T3350.4-2014,动车组用不锈钢 第4部分：冷弯型钢
装备技术,TB/T3352-2014,高速铁路无砟轨道不平顺谱
装备技术,TB/T3358-2015,机车、动车组牵引电动机通风机组
装备技术,TB/T3395.1-2015,高速铁路扣件 第1部分：通用技术条件
装备技术,TB/T3395.2-2015,高速铁路扣件 第2部分：弹条Ⅳ型扣件
装备技术,TB/T3395.3-2015,高速铁路扣件 第3部分：弹条V型扣件
装备技术,TB/T3395.4-2015,高速铁路扣件 第4部分：WJ-7型扣件
装备技术,TB/T3395.5-2015,高速铁路扣件 第5部分：WJ-8型扣件
装备技术,TB/T3396.1-2015,高速铁路扣件系统试验方法 第1部分：钢轨纵向阻力的测定
装备技术,TB/T3396.2-2015,高速铁路扣件系统试验方法 第2部分：组装扣压力的测定
装备技术,TB/T3396.3-2015,高速铁路扣件系统试验方法 第3部分：组装静刚度的测定
装备技术,TB/T3396.4-2015,高速铁路扣件系统试验方法 第4部分：组装疲劳性能试验
装备技术,TB/T3396.5-2015,高速铁路扣件系统试验方法 第5部分：绝缘电阻的测定
装备技术,TB/T3396.6-2015,高速铁路扣件系统试验方法 第6部分：恶劣环境条件的影响
装备技术,TB/T3396.7-2015,高速铁路扣件系统试验方法 第7部分：预埋件抗拔力试验
装备技术,TB/T3400.1-2015,高速铁路无砟轨道混凝土道岔板 第1部分：预埋套管式
装备技术,TB/T3400.2-2015,高速铁路无砟轨道混凝土道岔板 第2部分：钻孔式
装备技术,TB/T3402-2015,动车组制动系统
装备技术,TB/T3403-2015,动车组制动控制系统
装备技术,TB/T3404-2015,动车组制动装置零部件设计及制造规范
装备技术,TB/T3405-2015,动车组司机制动控制器
装备技术,TB/T3406-2015,动车组转向架联系枕梁
装备技术,TB/T3409-2021,动车组铝合金铸件
装备技术,TB/T3412-2015,动车组用电连接器
装备技术,TB/T3413-2015,铁道客车及动车组用安全玻璃
装备技术,TB/T3414-2015,动车组应急照明
装备技术,TB/T3415-2015,动车组车体外部非金属复合材料零部件
装备技术,TB/T3416.1-2015,动车组编码标识系统 第1部分：总则
装备技术,TB/T3416.2-2015,动车组编码标识系统 第2部分：产品组
装备技术,TB/T3416.3-2015,动车组编码标识系统 第3部分：安装地点与位置的标识
装备技术,TB/T3417-2015,铁道客车及动车组翻板、脚蹬及扶手
装备技术,TB/T3433-2016,高速铁路预制先张法预应力混凝土简支梁
装备技术,TB/T3451-2016,动车组车体结构强度设计及试验
装备技术,TB/T3452-2016,动车组用不锈钢焊接技术条件
装备技术,TB/T3453.1-2016,动车组词汇 第1部分：基本词汇
装备技术,TB/T3453.2-2016,动车组词汇 第2部分：试验
装备技术,TB/T3453.3-2016,动车组词汇 第3部分：部件和系统
装备技术,TB/T3454.1-2016,动车组车门 第1部分：客室侧门
装备技术,TB/T3454.2-2016,动车组车门 第2部分：内部门
装备技术,TB/T3455-2016,动车组侧窗
装备技术,TB/T3456-2016,动车组用截断塞门
装备技术,TB/T3457-2016,动车组制动系统用安全阀
装备技术,TB/T3458-2016,动车组前端开闭机构
装备技术,TB/T3459-2016,铁道客车及动车组用差压阀
装备技术,TB/T3460-2016,铁道客车及动车组用溢流阀
装备技术,TB/T3472-2017,动车组司机操纵台布置
装备技术,TB/T3475.1-2017,机车、动车组用柴油机零部件 第1部分：曲轴
装备技术,TB/T3475.11-2018,机车、动车组用柴油机零部件 第11部分：燃油电喷控制器
装备技术,TB/T3475.14-2017,机车、动车组用柴油机零部件 第14部分：波纹金属软管
装备技术,TB/T3475.2-2017,机车、动车组用柴油机零部件 第2部分：曲轴扭振减振器
装备技术,TB/T3475.3-2019,机车、动车组用柴油机零部件 第3部分：连杆
装备技术,TB/T3475.4-2017,机车、动车组用柴油机零部件 第4部分：活塞
装备技术,TB/T3475.5-2019,机车、动车组用柴油机零部件 第5部分：主轴瓦及连杆轴瓦
装备技术,TB/T3475.7-2020,机车、动车组柴油机零部件 第7部分：气缸盖
装备技术,TB/T3475.8-2020,机车、动车组柴油机零部件 第8部分：增压器
装备技术,TB/T3491-2017,电动车组司机室设计规范
装备技术,TB/T3500-2018,动车组车体耐撞性要求与验证规范
装备技术,TB/T3502-2018,铁道客车及动车组模态试验方法及评定
装备技术,TB/T3506-2018,动车组用整体车轮设计准则
装备技术,TB/T3512-2018,电动车组网络控制系统软件集成测试规范
装备技术,TB/T3513-2018,高速铁路桥涵防公路车辆撞击装置
装备技术,TB/T3542-2018,高速铁路CZ道岔制造技术条件
装备技术,TB/T3551-2019,高速铁路牵引供电系统雷电防护技术导则
装备技术,TB/T3559-2020,城际铁路站台门系统
装备技术,TB/T3560-2020,铁路客车及动车组安全锤
装备技术,TB/T3566-2021,电动车组救援制动指令转换装置
装备技术,TB/T3582-2023,动车组应急通风系统
装备技术,TB/T3585-2023,机车车辆车轴 动车组
装备技术,TB/T3586-2023,电力机车及电动车组牵引辅助系统试验方法 牵引性能试验
装备技术,TB/T3587-2023,电力机车及电动车组牵引辅助系统试验方法 辅助性能试验
装备技术,TB/T3588-2023,电力机车及电动车组牵引辅助系统试验方法 阻力、效率及能量消耗试验
装备技术,TB/T3597-2024,市域（郊）铁路动车组
装备技术,TB/T3600-2020,350km/h高速电动车组通用技术条件
装备技术,TB/T3611-2025,机车车辆冷却系统 电力机车和电动车组
装备技术,GB/T3319-2015,电力机车和电动车组额定功率的确定
装备技术,GB/T25122.4-2018,轨道交通 机车车辆用电力变流器 第4部分：电动车组牵引变流器
装备技术,GB/T25331-2010,电力机车、电力动车组主变流器用水散热器
装备技术,GB/T28791-2024,机车车辆标志 车辆及动车组
装备技术,GB/T32595-2016,铁道客车及动车组用电气控制柜
装备技术,GB/T34575-2023,轨道交通 机车车辆变流设备 机车、动车组辅助变流器
装备技术,GB/T37333-2019,铁道客车及动车组无障碍设施通用技术条件
装备技术,GB/T37439-2019,高速铁路预制后张法预应力混凝土简支梁
装备技术,GB/T37863.2-2021,轨道交通 牵引电传动系统 第2部分：机车、动车组
工程建设,TB10028-2016,铁路动车组设备设计规范
工程建设,TB10182-2017,公路与市政工程下穿高速铁路技术规程
工程建设,TB10601-2009,高速铁路工程测量规范
工程建设,TB10621-2014,高速铁路设计规范
工程建设,TB10623-2014,城际铁路设计规范
工程建设,TB10671-2019,高速铁路安全防护设计规范
工程建设,TB10751-2018,高速铁路路基工程施工质量验收标准
工程建设,TB10752-2018,高速铁路桥涵工程施工质量验收标准
工程建设,TB10753-2018,高速铁路隧道工程施工质量验收标准
工程建设,TB10754-2018,高速铁路轨道工程施工质量验收标准
工程建设,TB10755-2018,高速铁路通信工程施工质量验收标准
工程建设,TB10756-2018,高速铁路信号工程施工质量验收标准
工程建设,TB10757-2018,高速铁路电力工程施工质量验收标准
工程建设,TB10758-2018,高速铁路电力牵引供电工程施工质量验收标准
工程建设,TB10760-2021,高速铁路工程静态验收技术规范
工程建设,TB10761-2024,高速铁路工程动态验收技术规范 143 国能油气〔2015〕392号 油气输送管道与铁路交汇工程技术及管理规定 144 建标〔2008〕232号 新建铁路工程项目建设用地指标
运输服务,TB/T1828-2004,铁道机车和动车组司机室人体全身振动限值和测量方法
运输服务,GB/T3450-2006,铁道机车和动车组司机室噪声限值及测量方法
